candidate_id,split,rows,mean_pinball,pinball_q10,pinball_q50,pinball_q90,coverage_80,coverage_80_error,core_crossing_rows,core_crossing_rate,q50_unique,median_q50_unique_per_origin,origins_q50_unique_ge_10_rate,rank_dates,mean_date_spearman,median_date_spearman,positive_date_spearman_rate,mean_top_bottom_20_spread,horizon_months
FULL_FIXED_ES_QUANTILE,DEVELOPMENT,10302,0.06854770942598502,0.04180164356363667,0.10676799645980527,0.05707348825451312,0.695204814599107,0.10479518540089305,0,0.0,4977,35.0,0.5898876404494382,157,-0.023156734282046926,-0.00514954906111637,0.4585987261146497,-0.009331147062045913,3
FULL_FIXED_ES_QUANTILE,COMMON_HOLDOUT,2444,0.05820644826776725,0.03740571598544165,0.0917742634948991,0.04543936532296097,0.8273322422258592,0.02733224222585917,0,0.0,440,8.0,0.36538461538461536,52,0.05718925701020713,0.04545627228411151,0.5961538461538461,0.03270732441200172,3
FULL_FIXED_ES_QUANTILE,LATE_BACKTEST,2177,0.05697447408148567,0.03162098790290917,0.09164852664954311,0.047653907692004734,0.7602204869085898,0.03977951309141026,0,0.0,739,21.0,1.0,40,0.06866641542696714,0.054967150449808946,0.675,0.023113094094975653,3
FULL_HUBER_Q50,DEVELOPMENT,10302,0.06816229660907265,0.04180164356363667,0.10561175800906819,0.05707348825451312,0.695204814599107,0.10479518540089305,0,0.0,3816,19.5,0.5898876404494382,132,0.018445155806174247,0.06294174508758782,0.5909090909090909,0.0056355907277705975,3
FULL_HUBER_Q50,COMMON_HOLDOUT,2444,0.05791866783666356,0.03740571598544165,0.09091092220158804,0.04543936532296097,0.8273322422258592,0.02733224222585917,0,0.0,125,2.0,0.038461538461538464,41,0.04256657066181399,0.01880111155457363,0.5853658536585366,0.003922357572846773,3
FULL_HUBER_Q50,LATE_BACKTEST,2177,0.058256298882522796,0.03162098790290917,0.09549400105265449,0.047653907692004734,0.7602204869085898,0.03977951309141026,0,0.0,150,3.5,0.25,37,-0.06085928696613387,-0.07337726671142436,0.2972972972972973,-0.021238447056782638,3
SHORT_FIXED_ES_QUANTILE,DEVELOPMENT,10302,0.07126690960684856,0.0428489088862641,0.11065575246535042,0.06029606746893114,0.6830712483013007,0.11692875169869932,26,0.0025237817899437004,3084,4.0,0.29775280898876405,123,-0.024995561631021852,-0.047771386385308694,0.44715447154471544,-0.0012086264352316077,3
SHORT_FIXED_ES_QUANTILE,COMMON_HOLDOUT,2444,0.059895143668504146,0.03865872617891103,0.09501827710311635,0.04600842772348508,0.8211947626841244,0.021194762684124346,0,0.0,5,1.0,0.0,5,-0.1752440527349259,-0.2347609878516216,0.2,-0.025023776902416556,3
SHORT_FIXED_ES_QUANTILE,LATE_BACKTEST,2177,0.05319815194515714,0.028785592121964135,0.08406055324212779,0.04674831047137949,0.8130454754248967,0.013045475424896646,0,0.0,6,3.0,0.0,40,-0.022372725994282583,-0.043717385367593856,0.35,-0.022896716530902743,3
SHORT_HUBER_Q50,DEVELOPMENT,10302,0.07102667298120807,0.0428489088862641,0.10993504258842897,0.06029606746893114,0.6830712483013007,0.11692875169869932,3,0.00029120559114735004,3484,5.0,0.3651685393258427,146,0.0025838123362937376,0.0018871390131086246,0.5,0.0014317531125664447,3
SHORT_HUBER_Q50,COMMON_HOLDOUT,2444,0.0591239304451611,0.03865872617891103,0.09270463743308723,0.04600842772348508,0.8211947626841244,0.021194762684124346,0,0.0,121,3.0,0.019230769230769232,37,-0.013255354194050694,-0.01882663921270519,0.43243243243243246,-0.0048979565339883875,3
SHORT_HUBER_Q50,LATE_BACKTEST,2177,0.05463956465287275,0.028785592121964135,0.08838479136527463,0.04674831047137949,0.8130454754248967,0.013045475424896646,0,0.0,330,10.0,0.55,40,-0.02895607426213087,-0.04030497921293611,0.425,-0.02087036310850011,3
CATBOOST_FIXED_ES_C_BALANCED,DEVELOPMENT,10302,0.06859570414988754,0.04205201030355222,0.10561834405670507,0.058116758089405314,0.6807416035721219,0.11925839642787817,0,0.0,4313,41.5,0.5898876404494382,148,-0.0012190203227680182,0.04014618943452467,0.5608108108108109,0.01293524131740364,3
CATBOOST_FIXED_ES_C_BALANCED,COMMON_HOLDOUT,2444,0.05893510178788564,0.03860640187586067,0.09304673631165687,0.0451521671761394,0.8220130932896891,0.022013093289689034,0,0.0,165,4.0,0.019230769230769232,52,0.052105617995593385,0.052383657640523724,0.6346153846153846,0.014168962505096003,3
CATBOOST_FIXED_ES_C_BALANCED,LATE_BACKTEST,2177,0.05634303306341362,0.030672713459255752,0.08985968653289358,0.04849669919809154,0.7900780891134589,0.009921910886541152,0,0.0,142,9.0,0.4,40,0.030355227850231446,-0.0067215512079717874,0.5,0.0026386377632719137,3
ROLLING_BAGGED_HUBER_Q50,DEVELOPMENT,10302,0.06871445893292497,0.042499767197336565,0.10600056914826644,0.0576430404531719,0.6917103475053388,0.10828965249466127,0,0.0,6354,44.0,0.9157303370786517,178,0.013987198264128151,0.036913141376866146,0.5617977528089888,0.0060256628306015626,3
ROLLING_BAGGED_HUBER_Q50,COMMON_HOLDOUT,2444,0.05806470745248692,0.03722074190845377,0.09120029430666018,0.04577308614234679,0.8261047463175123,0.02610474631751225,0,0.0,1076,20.5,0.9807692307692307,52,0.07488100291550881,0.04982633071700955,0.6346153846153846,0.030956080704599584,3
ROLLING_BAGGED_HUBER_Q50,LATE_BACKTEST,2177,0.06382999656878881,0.03562543256972224,0.1053285182954474,0.05053603884119677,0.7046394120349104,0.09536058796508962,0,0.0,1227,32.0,1.0,40,0.02643063639140795,0.014641370254573582,0.6,0.009584080017621201,3
UNIVERSE58_RESIDUAL_TWO_STAGE_Q50,DEVELOPMENT,10302,0.06795369570928796,0.04180164356363667,0.10498595530971407,0.05707348825451312,0.695204814599107,0.10479518540089305,0,0.0,1132,17.0,0.9325842696629213,178,-0.0006748730046049521,-0.0017092605529919825,0.5,0.015447901424815036,3
UNIVERSE58_RESIDUAL_TWO_STAGE_Q50,COMMON_HOLDOUT,2444,0.05923670737871325,0.03740571598544165,0.09486504082773711,0.04543936532296097,0.8273322422258592,0.02733224222585917,0,0.0,43,9.0,0.25,52,0.04045221248484156,0.02444530718278611,0.5192307692307693,0.02319903226606283,3
UNIVERSE58_RESIDUAL_TWO_STAGE_Q50,LATE_BACKTEST,2177,0.05749362410377348,0.03162098790290917,0.09320597671640656,0.047653907692004734,0.7602204869085898,0.03977951309141026,0,0.0,99,9.0,0.375,40,-0.022299460831017533,-0.0006634520277004276,0.5,-0.022497521197800054,3
LIGHTGBM_CATBOOST_DEV_WEIGHTED_ENSEMBLE,DEVELOPMENT,10302,0.06808978057518995,0.04171326698477134,0.10535323731230142,0.05720283742849709,0.693069306930693,0.10693069306930703,0,0.0,5849,55.0,0.5898876404494382,155,0.02597980342906356,0.04683633371972264,0.6064516129032258,0.015979584144625674,3
LIGHTGBM_CATBOOST_DEV_WEIGHTED_ENSEMBLE,COMMON_HOLDOUT,2444,0.05812153089088374,0.037679133881033805,0.09132251071142083,0.04536294808019658,0.8277414075286416,0.027741407528641515,0,0.0,352,6.0,0.23076923076923078,52,0.06437778354563871,0.03907863106924202,0.6538461538461539,0.018642078156688453,3
LIGHTGBM_CATBOOST_DEV_WEIGHTED_ENSEMBLE,LATE_BACKTEST,2177,0.05771107449250965,0.03127968040980289,0.09398916353607355,0.0478643795316525,0.7694074414331649,0.030592558566835182,0,0.0,481,14.0,0.8,40,-0.006394439925897855,-0.033731065591173934,0.4,-0.00603580406676094,3
EMPIRICAL_INTERVAL_TWO_STAGE_ROLLING_Q50,DEVELOPMENT,10302,0.06889004070660751,0.04293411364015608,0.10502757233676858,0.05870843614289787,0.693263443991458,0.10673655600854204,0,0.0,7638,53.0,1.0,178,0.00884273711375118,-0.0009669905616783105,0.5,0.0195303522450274,3
EMPIRICAL_INTERVAL_TWO_STAGE_ROLLING_Q50,COMMON_HOLDOUT,2444,0.05945923504125675,0.038892822690353795,0.09424962370379185,0.045235258729624604,0.8216039279869067,0.02160392798690669,0,0.0,1437,28.0,1.0,52,0.05412883503390241,0.040659106310319694,0.6346153846153846,0.021158998208797766,3
EMPIRICAL_INTERVAL_TWO_STAGE_ROLLING_Q50,LATE_BACKTEST,2177,0.057763966613676665,0.03028262458596692,0.0943218119529877,0.04868746330207539,0.7978870004593477,0.0021129995406523605,0,0.0,1498,39.0,1.0,40,-0.002873555302520761,0.012801929325554842,0.525,-0.005980263768740007,3
FULL_FIXED_ES_QUANTILE,DEVELOPMENT,10170,0.09537244008173969,0.05371299745583226,0.15006956249663933,0.08233476029274749,0.6861356932153392,0.11386430678466086,0,0.0,6629,58.0,0.7078651685393258,178,-0.08460823363440768,-0.1154613993071821,0.2752808988764045,-0.0564824969361957,6
FULL_FIXED_ES_QUANTILE,COMMON_HOLDOUT,2444,0.10911945958573466,0.10660323926402696,0.16264861169021924,0.058106527802957796,0.5188216039279869,0.2811783960720131,0,0.0,2346,46.0,1.0,52,-0.14959698061549656,-0.15428871564725186,0.019230769230769232,-0.04850249089940363,6
FULL_FIXED_ES_QUANTILE,LATE_BACKTEST,1423,0.16855753359950634,0.14346965296115777,0.28409634999374556,0.07810659784361568,0.24595924104005623,0.5540407589599439,0,0.0,1064,46.0,1.0,27,0.07420159816360086,0.0678685708251318,0.5925925925925926,0.07410253786035709,6
FULL_HUBER_Q50,DEVELOPMENT,10170,0.09493494913834155,0.05371299745583226,0.1487570896664449,0.08233476029274749,0.6861356932153392,0.11386430678466086,0,0.0,4843,43.5,0.7078651685393258,178,-0.055174151697699195,-0.05650672768201226,0.3258426966292135,-0.016244134824248253,6
FULL_HUBER_Q50,COMMON_HOLDOUT,2444,0.0999005406851849,0.10660323926402696,0.13499185498857,0.058106527802957796,0.5188216039279869,0.2811783960720131,0,0.0,1643,39.0,1.0,52,-0.08134512813524414,-0.055199012109733214,0.4230769230769231,-0.025797564281124848,6
FULL_HUBER_Q50,LATE_BACKTEST,1423,0.14781848415191992,0.14346965296115777,0.2218792016509863,0.07810659784361568,0.24595924104005623,0.5540407589599439,0,0.0,736,39.0,1.0,27,0.05275699357491145,0.03285072436053782,0.5555555555555556,0.03299831707057542,6
SHORT_FIXED_ES_QUANTILE,DEVELOPMENT,10170,0.10204508854222342,0.05772509798293039,0.1585930244976902,0.08981714314604969,0.668534906588004,0.13146509341199608,4,0.00039331366764995085,3300,4.0,0.4157303370786517,155,0.04850283214201764,0.04380848914718306,0.6129032258064516,0.023094618104157097,6
SHORT_FIXED_ES_QUANTILE,COMMON_HOLDOUT,2444,0.11523795663698537,0.15837568965015805,0.12717798542085598,0.06016019483994207,0.4030278232405892,0.3969721767594108,780,0.3191489361702128,888,17.0,0.9807692307692307,52,-0.012637226579937181,0.026677763636959825,0.5576923076923077,0.038153721678829806,6
SHORT_FIXED_ES_QUANTILE,LATE_BACKTEST,1423,0.1462998825138393,0.1653156030169834,0.19151128371332518,0.08207276081120927,0.23330990864371048,0.5666900913562896,0,0.0,47,4.0,0.0,27,0.19575610116955974,0.19851465323410034,0.9629629629629629,0.04491401918235382,6
SHORT_HUBER_Q50,DEVELOPMENT,10170,0.10173069103913479,0.05772509798293039,0.15764983198842433,0.08981714314604969,0.668534906588004,0.13146509341199608,0,0.0,3839,5.0,0.4157303370786517,161,-0.00832944347527818,0.006989053729532853,0.5217391304347826,-0.005250714770308945,6
SHORT_HUBER_Q50,COMMON_HOLDOUT,2444,0.11614392485131775,0.15837568965015805,0.12989589006385313,0.06016019483994207,0.4030278232405892,0.3969721767594108,720,0.2945990180032733,1407,32.0,1.0,52,-0.08100049302897577,-0.0439969713084558,0.4230769230769231,-0.01701981525021181,6
SHORT_HUBER_Q50,LATE_BACKTEST,1423,0.15054731464860935,0.1653156030169834,0.2042535801176354,0.08207276081120927,0.23330990864371048,0.5666900913562896,0,0.0,697,33.0,1.0,27,-0.018054541312012326,-0.027943407666751692,0.4444444444444444,0.008772756000593625,6
CATBOOST_FIXED_ES_C_SHALLOW,DEVELOPMENT,10170,0.09738088523841022,0.058374271628175864,0.15147412068614677,0.08229426340090808,0.664306784660767,0.13569321533923306,0,0.0,6075,56.0,0.7078651685393258,178,-0.047727182443494755,-0.06152567551591864,0.3707865168539326,-0.030071829247237062,6
CATBOOST_FIXED_ES_C_SHALLOW,COMMON_HOLDOUT,2444,0.10309444739022638,0.08210114815543672,0.16046534471692503,0.0667168492983174,0.631342062193126,0.168657937806874,0,0.0,935,19.5,1.0,52,-0.07483505826794777,-0.07334185874145069,0.36538461538461536,-0.015279772847985209,6
CATBOOST_FIXED_ES_C_SHALLOW,LATE_BACKTEST,1423,0.1540494241610621,0.13127330875152485,0.24266517539936688,0.0882097883322946,0.27406886858749124,0.5259311314125088,0,0.0,542,24.0,1.0,27,0.11620706337042426,0.11107068197174431,0.8888888888888888,0.10428801082702951,6
ROLLING_BAGGED_HUBER_Q50,DEVELOPMENT,10170,0.09671802647862676,0.055698530871007464,0.15045972115691958,0.08399582740795326,0.6626352015732546,0.13736479842674543,0,0.0,9424,58.0,1.0,178,-0.05271716167301914,-0.05263952903210778,0.33707865168539325,-0.019780479766911895,6
ROLLING_BAGGED_HUBER_Q50,COMMON_HOLDOUT,2444,0.10394520567262096,0.1135742327837867,0.1378570669979756,0.06040431723610065,0.5032733224222586,0.2967266775777414,0,0.0,2349,46.0,1.0,52,-0.09952288946670386,-0.06018906654534448,0.34615384615384615,-0.01249801068422209,6
ROLLING_BAGGED_HUBER_Q50,LATE_BACKTEST,1423,0.14643674686409738,0.15073574713145096,0.20610214853668743,0.08247234492415377,0.22698524244553758,0.5730147575544624,0,0.0,1405,57.0,1.0,27,0.1716775107036433,0.17838137131255963,0.8518518518518519,0.12028387668096407,6
UNIVERSE58_RESIDUAL_TWO_STAGE_Q50,DEVELOPMENT,10170,0.09637160944385693,0.05371299745583226,0.15306707058299107,0.08233476029274749,0.6861356932153392,0.11386430678466086,189,0.018584070796460177,2134,13.0,0.8033707865168539,178,0.03176550935580242,0.047756755570799905,0.6292134831460674,0.03776154215958671,6
UNIVERSE58_RESIDUAL_TWO_STAGE_Q50,COMMON_HOLDOUT,2444,0.09377402410033477,0.10660323926402696,0.11661230523401958,0.058106527802957796,0.5188216039279869,0.2811783960720131,599,0.24509001636661212,31,10.0,0.5769230769230769,52,-0.03605041856550972,-0.011908349973763275,0.46153846153846156,-0.004516262482714828,6
UNIVERSE58_RESIDUAL_TWO_STAGE_Q50,LATE_BACKTEST,1423,0.12448755699211987,0.14346965296115777,0.15188642017158616,0.07810659784361568,0.24595924104005623,0.5540407589599439,0,0.0,35,9.0,0.4074074074074074,27,0.07268692432073338,0.08238515078842679,0.7777777777777778,0.018806584818371046,6
LIGHTGBM_CATBOOST_DEV_WEIGHTED_ENSEMBLE,DEVELOPMENT,10170,0.09524900494054285,0.05439169035268618,0.14917502285165257,0.08218030161728981,0.6859390363815142,0.11406096361848583,0,0.0,7078,58.0,0.9382022471910112,178,-0.056607290821879236,-0.057422744090036476,0.3258426966292135,-0.014934580614821035,6
LIGHTGBM_CATBOOST_DEV_WEIGHTED_ENSEMBLE,COMMON_HOLDOUT,2444,0.09952796981350265,0.09901561742149885,0.13953934551114242,0.060028946507866665,0.545417348608838,0.2545826513911621,0,0.0,2119,43.0,1.0,52,-0.0735000687579738,-0.059313701971001304,0.36538461538461536,-0.019186593351912473,6
LIGHTGBM_CATBOOST_DEV_WEIGHTED_ENSEMBLE,LATE_BACKTEST,1423,0.1491511019863654,0.13982137075497084,0.22700613087416677,0.08062580432995861,0.2572030920590302,0.5427969079409698,0,0.0,1134,45.0,1.0,27,0.05490310380242902,0.050553806370564475,0.5555555555555556,0.04442583096038684,6
EMPIRICAL_INTERVAL_TWO_STAGE_ROLLING_Q50,DEVELOPMENT,10170,0.09903422660050115,0.05979661125545713,0.15086386263544327,0.08644220591060306,0.6716814159292035,0.12831858407079655,0,0.0,9770,58.0,1.0,178,-0.04738345100255197,-0.04561813651604171,0.38764044943820225,-0.01612879279283854,6
EMPIRICAL_INTERVAL_TWO_STAGE_ROLLING_Q50,COMMON_HOLDOUT,2444,0.07637183471496069,0.049864260085182015,0.12421121688525207,0.055040027174447996,0.851063829787234,0.051063829787234005,0,0.0,2387,47.0,1.0,52,-0.10343673784985682,-0.05787465309898243,0.36538461538461536,-0.02550050722594572,6
EMPIRICAL_INTERVAL_TWO_STAGE_ROLLING_Q50,LATE_BACKTEST,1423,0.09680267561721463,0.039036423956249025,0.178270340554215,0.07310126234117988,0.7456078706957133,0.05439212930428672,0,0.0,1414,57.0,1.0,27,0.17995317810797523,0.20120581992678954,0.8518518518518519,0.12138441256063073,6
FULL_FIXED_ES_QUANTILE,DEVELOPMENT,9873,0.13809949066443775,0.07899509326706698,0.2147149993261186,0.1205883794001277,0.6196698065430973,0.1803301934569027,0,0.0,7878,55.0,1.0,178,0.05262174273201042,0.07593194980388907,0.6235955056179775,0.0755413753247141,12
FULL_FIXED_ES_QUANTILE,COMMON_HOLDOUT,2491,0.13677205411287066,0.11616233453782493,0.20466340860796314,0.08949041919282394,0.567242071457246,0.232757928542754,0,0.0,2207,44.0,1.0,53,0.1778925869109886,0.1705645977990069,0.9433962264150944,0.15318983418448165,12
FULL_HUBER_Q50,DEVELOPMENT,9873,0.1379216904358612,0.07899509326706698,0.21418159864038885,0.1205883794001277,0.6196698065430973,0.1803301934569027,0,0.0,6550,47.0,0.7303370786516854,178,0.05534720200664868,0.06118585413851817,0.6123595505617978,0.057149322991730186,12
FULL_HUBER_Q50,COMMON_HOLDOUT,2491,0.13699425922405908,0.11616233453782493,0.20533002394152838,0.08949041919282394,0.567242071457246,0.232757928542754,0,0.0,2110,42.0,1.0,53,0.05174486876209576,0.06552352533714008,0.5471698113207547,0.08235632312384572,12
SHORT_FIXED_ES_QUANTILE,DEVELOPMENT,9873,0.15625424807654686,0.08822906063613514,0.24331021401370567,0.1372234695797998,0.5830041527397954,0.2169958472602046,9,0.0009115770282588879,6694,47.0,0.702247191011236,178,0.02529094134262087,0.03343935969079483,0.6348314606741573,0.028713859112042786,12
SHORT_FIXED_ES_QUANTILE,COMMON_HOLDOUT,2491,0.13827313843345793,0.12055263937208244,0.2070177502985982,0.0872490256296931,0.5640305098354075,0.23596949016459257,22,0.008831794460056202,2386,46.0,1.0,53,0.14182243840974074,0.10141073080481036,0.7547169811320755,0.13127378115327967,12
SHORT_HUBER_Q50,DEVELOPMENT,9873,0.1559409786137354,0.08822906063613514,0.24237040562527126,0.1372234695797998,0.5830041527397954,0.2169958472602046,5,0.0005064316823660489,6608,47.0,0.702247191011236,177,0.018413296497315736,0.02694264569842738,0.5706214689265536,0.03145340086349224,12
SHORT_HUBER_Q50,COMMON_HOLDOUT,2491,0.13453693749217405,0.12055263937208244,0.1958091474747466,0.0872490256296931,0.5640305098354075,0.23596949016459257,63,0.025291047771979124,2263,45.0,1.0,53,0.0925705187796252,0.0717569172088096,0.6226415094339622,0.08731069208371697,12
CATBOOST_FIXED_ES_C_SHALLOW,DEVELOPMENT,9873,0.13901851243046146,0.08335735290903806,0.2176841902099001,0.11601399417244619,0.652790438569837,0.14720956143016306,0,0.0,4784,47.0,1.0,178,0.07275704195947583,0.0839381935487762,0.6179775280898876,0.06635854652395529,12
CATBOOST_FIXED_ES_C_SHALLOW,COMMON_HOLDOUT,2491,0.12269618934329617,0.07950962635199674,0.19846139072868796,0.09011755094920376,0.7250100361300682,0.07498996386993184,0,0.0,264,9.0,0.4716981132075472,53,0.04892953874387087,0.03432980649064337,0.660377358490566,0.0685858572629304,12
ROLLING_BAGGED_HUBER_Q50,DEVELOPMENT,9873,0.13928101576651294,0.08024021539088211,0.21740026829586634,0.12020256361279039,0.6184543705054188,0.1815456294945812,0,0.0,9732,58.0,1.0,178,0.03304904176318353,0.042572825986649854,0.5730337078651685,0.04378515296642889,12
ROLLING_BAGGED_HUBER_Q50,COMMON_HOLDOUT,2491,0.14192897843828903,0.12411286307712524,0.2103929885180805,0.09128108371966137,0.5375351264552388,0.2624648735447612,0,0.0,2479,47.0,1.0,53,0.04549662584203711,0.07203977798334875,0.5849056603773585,0.05151087357977616,12
UNIVERSE58_RESIDUAL_TWO_STAGE_Q50,DEVELOPMENT,9873,0.1407767891941996,0.07899509326706698,0.22274689491540414,0.1205883794001277,0.6196698065430973,0.1803301934569027,20,0.0020257267294641955,2985,11.0,0.5786516853932584,178,0.06647986668077525,0.08112904484085756,0.6685393258426966,0.05389532828918635,12
UNIVERSE58_RESIDUAL_TWO_STAGE_Q50,COMMON_HOLDOUT,2491,0.1330966052123399,0.11616233453782493,0.19363706190637084,0.08949041919282394,0.567242071457246,0.232757928542754,18,0.0072260136491368926,630,33.0,1.0,53,0.10529042309295757,0.09090912515607581,0.6981132075471698,0.09920357067865161,12
LIGHTGBM_CATBOOST_DEV_WEIGHTED_ENSEMBLE,DEVELOPMENT,9873,0.1383935411771345,0.08196111449808267,0.2163587951891104,0.1168607138442105,0.648029980755596,0.151970019244404,0,0.0,7629,54.0,1.0,178,0.06972000939394726,0.08705622884791796,0.6179775280898876,0.08607822542895913,12
LIGHTGBM_CATBOOST_DEV_WEIGHTED_ENSEMBLE,COMMON_HOLDOUT,2491,0.12503979380338795,0.0853594587369818,0.19983486650412086,0.08992505616906124,0.6828582898434363,0.11714171015656372,0,0.0,2164,43.0,1.0,53,0.03598824524287251,0.042676228017420145,0.5660377358490566,0.06053036620896365,12
EMPIRICAL_INTERVAL_TWO_STAGE_ROLLING_Q50,DEVELOPMENT,9873,0.14305486730794592,0.08764622587613352,0.21948993340492506,0.12202844264277918,0.6315203079104629,0.16847969208953717,0,0.0,9762,58.0,1.0,178,0.04150907345215505,0.06108805733409796,0.5955056179775281,0.04996119570277209,12
EMPIRICAL_INTERVAL_TWO_STAGE_ROLLING_Q50,COMMON_HOLDOUT,2491,0.1211088364091558,0.07363065868834212,0.20035916816744614,0.08933668237167913,0.7567242071457246,0.04327579285427541,0,0.0,2486,47.0,1.0,53,0.06792488851708686,0.08730342275670674,0.6792452830188679,0.1000267544409345,12
